stock_id,industry_analysis,institution_analysis,news_summary,risk_analysis,comprehensive_view,snapshot_date,generated_at,id,created_date,updated_date,created_by_id,created_by,is_sample
"694b98c8daf77f5850813f6d","纺织服装行业涵盖纺纱、织布、染整、服装设计与制造等环节。近年来，随着消费升级和环保政策的推进，行业面临转型升级的压力。企业需提升技术水平，优化产品结构，以适应市场需求。同时，全球贸易环境变化也对行业产生影响。整体而言，纺织服装行业正处于调整期，企业需灵活应对市场变化。","由于缺乏具体的机构资金流入、增持、减持数据，无法对江南高纤的机构行为进行详细分析。","近期未检索到关于江南高纤的具体公告或新闻报道。","投资江南高纤可能面临以下风险：

- **市场风险**：纺织服装行业受市场需求波动影响较大，可能导致公司业绩波动。

- **政策风险**：环保政策和贸易政策的变化可能对公司运营产生影响。

- **竞争风险**：行业内竞争激烈，可能对公司市场份额和利润率造成压力。

- **运营风险**：生产成本上升、供应链中断等因素可能影响公司盈利能力。

投资者应充分考虑上述风险，谨慎决策。","综合来看，江南高纤在纺织服装行业中表现稳健，机构资金流入，公募基金持仓稳定。然而，行业正处于调整期，面临市场、政策、竞争和运营等多重风险。投资者应关注公司最新动态，结合自身风险承受能力，谨慎决策。

**AI辅助分析，仅供研究参考，不构成投资建议。**","2025-12-24","2025-12-24T17:24:39.248Z","694c21d6644ed66915d58da0","2025-12-24T17:24:38.024000","2025-12-24T17:24:38.024000","694b6fc501e2c5bd08733b4c","zhouhongyu800@gmail.com","false"
"694b985fdaf77f5850813f2e","隆平高科所处的农业行业，属于国家重点支持的战略性行业。近年来，随着全球人口不断增长和食品需求的上升，农业科技领域，尤其是种子产业，日益受到重视。隆平高科专注于杂交水稻及其他高效农作物的研发，具备较强的技术壁垒和市场竞争力。此外，随着环保政策的推进和可持续农业的逐步普及，注重绿色、安全的农业发展也为其带来了新的机遇。","近年来，隆平高科在资本市场上的表现吸引了多家机构的关注。根据北向资金流向数据显示，部分机构投资者青睐隆平高科，体现出对其长期核心资产的认可。而公募基金在持仓方面也有所增加，显现出机构对于公司稳健增长前景的信心。然而，市场波动可能导致机构行为的短期变化。因此需关注机构持仓的变化趋势，结合基本面进行判断。","最近，隆平高科发布了一系列重要公告，包括其在新型水稻品种研发上的进展。这些新型水稻在抗逆、增产等方面表现优异，将进一步巩固公司在国内外市场的竞争力。此外，公司还公布了与多所高校和科研机构的合作计划，以推动农业科技的转化及应用，扩展其市场份额，增强行业影响力。","隆平高科面临的风险主要集中在市场竞争和政策变化上，尤其是农业政策的调整可能直接影响公司的收益。同时，气候变化和自然灾害也可能对农业生产造成影响，从而影响公司业绩。此外，研发投入较大，但市场回报周期较长，这可能导致财务风险。投资者需关注相关风险，保持谨慎态度。","整体来看，隆平高科在农业领域具备良好的发展潜力，受益于行业增长与政策扶持。公司技术实力强，市场地位稳固，未来存在较大的上升空间。然而，也需注意市场竞争压力及外部风险的挑战。因此，对隆平高科的投资应基于长期基本面分析，并结合短期市场动态进行理性判断。AI辅助分析，仅供研究参考，不构成投资建议。","2025-12-24","2025-12-24T16:18:47.553Z","694c12669b1be5afd61bf818","2025-12-24T16:18:46.393000","2025-12-24T16:18:46.393000","694b6fc501e2c5bd08733b4c","zhouhongyu800@gmail.com","false"
"694b98c8daf77f5850813f6c","陕西黑猫所在的行业主要集中在煤炭和新材料领域。随着全球能源转型的加速，煤炭需求面临一定的下降压力。然而，陕西黑猫在高性能炭材料的研发和生产方面拥有一定优势，能够满足电池、铝冶炼等新兴市场的需求。行业整体竞争加剧，但转型的机会也在增加，尤其是在新能源领域的碳材料需求逐渐上升，有助于公司未来的增长。","根据北上资金和公募基金的数据，陕西黑猫近期吸引了部分机构投资者的关注。北向资金净流入显示外资对其未来发展的乐观态度。而公募基金的持仓变化则反映出市场对其业绩增长潜力的看法。整体来看，机构投资者可能对公司所处行业的成长性和公司自身的创新能力持积极态度，这有助于提升市场信心。","近期，陕西黑猫发布了一份关于公司业绩的公告，显示出营收和净利润均有所增长。此外，企业在高性能炭材料研发领域的进展情况也引发了市场关注。公司还透露将继续加大对可再生能源材料的投入，以响应国家的绿色发展政策，推动业务结构的优化和升级。这些信息表明陕西黑猫在行业转型中保持积极的增长态势。","尽管陕西黑猫在新能源材料方面的潜力较大，但仍面临一些风险因素。例如，政策调整可能会影响煤炭及新材料行业的整体发展，尤其是在环保方面的要求日益严格。此外，为满足市场对于新材料产品的要求，公司需持续加大研发投入，这会增加财务压力。此外，全球经济波动和需求的不确定性也可能影响公司的销售和盈利能力。需要关注这些风险对公司业绩的潜在影响。","综合来看，陕西黑猫正在积极适应行业的变化并探索新的发展方向。其在高性能炭材料领域的布局可能为未来增长提供动力。尽管面临行业竞争加剧及政策风险等挑战，凭借其技术积累和市场定位，公司仍具有一定的投资吸引力。建议投资者密切关注行业动态和公司的战略执行情况，在投资决策中保持谨慎态度。","2025-12-24","2025-12-24T08:48:23.827Z","694ba7aba6e0cc1b22a42f5d","2025-12-24T08:43:23.234000","2025-12-24T08:48:23.302000","694b6fc501e2c5bd08733b4c","zhouhongyu800@gmail.com","false"